"","date","humidity.X","humidity.date","humidity.humidity"
"1",2017-04-01,1,"2017-04-01",0.58
"2",2017-04-02,2,"2017-04-02",0.68
"3",2017-04-03,3,"2017-04-03",0.56
"4",2017-04-04,4,"2017-04-04",0.52
"5",2017-04-05,5,"2017-04-05",0.73
"6",2017-04-06,6,"2017-04-06",0.63
"7",2017-04-07,7,"2017-04-07",0.69
"8",2017-04-08,8,"2017-04-08",0.64
"9",2017-04-09,9,"2017-04-09",0.63
"10",2017-04-10,10,"2017-04-10",0.62
"11",2017-04-11,11,"2017-04-11",0.62
"12",2017-04-12,12,"2017-04-12",0.65
"13",2017-04-13,13,"2017-04-13",0.65
"14",2017-04-14,14,"2017-04-14",0.65
"15",2017-04-15,15,"2017-04-15",0.71
"16",2017-04-16,16,"2017-04-16",0.55
"17",2017-04-17,17,"2017-04-17",0.58
"18",2017-04-18,18,"2017-04-18",0.5
"19",2017-04-19,19,"2017-04-19",0.26
"20",2017-04-20,20,"2017-04-20",0.28
"21",2017-04-21,21,"2017-04-21",0.35
"22",2017-04-22,22,"2017-04-22",0.46
"23",2017-04-23,23,"2017-04-23",0.62
"24",2017-04-24,24,"2017-04-24",0.68
"25",2017-04-25,25,"2017-04-25",0.78
"26",2017-04-26,26,"2017-04-26",0.86
"27",2017-04-27,27,"2017-04-27",0.91
"28",2017-04-28,28,"2017-04-28",0.64
"29",2017-04-29,29,"2017-04-29",0.48
"30",2017-04-30,30,"2017-04-30",0.55
"31",2017-05-01,31,"2017-05-01",0.74
"32",2017-05-02,32,"2017-05-02",0.72
"33",2017-05-03,33,"2017-05-03",0.83
"34",2017-05-04,34,"2017-05-04",0.82
"35",2017-05-05,35,"2017-05-05",0.7
"36",2017-05-06,36,"2017-05-06",0.78
"37",2017-05-07,37,"2017-05-07",0.86
"38",2017-05-08,38,"2017-05-08",0.69
"39",2017-05-09,39,"2017-05-09",0.68
"40",2017-05-10,40,"2017-05-10",0.72
"41",2017-05-11,41,"2017-05-11",0.8
"42",2017-05-12,42,"2017-05-12",0.83
"43",2017-05-13,43,"2017-05-13",0.72
"44",2017-05-15,44,"2017-05-15",0.63
"45",2017-05-16,45,"2017-05-16",0.59
"46",2017-05-17,46,"2017-05-17",0.58
"47",2017-05-18,47,"2017-05-18",0.56
"48",2017-05-19,48,"2017-05-19",0.72
"49",2017-05-20,49,"2017-05-20",0.65
"50",2017-05-21,50,"2017-05-21",0.51
"51",2017-05-22,51,"2017-05-22",0.49
"52",2017-05-23,52,"2017-05-23",0.53
"53",2017-05-24,53,"2017-05-24",0.46
"54",2017-05-25,54,"2017-05-25",0.58
"55",2017-05-26,55,"2017-05-26",0.54
"56",2017-05-27,56,"2017-05-27",0.55
"57",2017-05-28,57,"2017-05-28",0.52
"58",2017-05-29,58,"2017-05-29",0.53
"59",2017-05-30,59,"2017-05-30",0.54
"60",2017-05-31,60,"2017-05-31",0.47
"61",2017-06-01,61,"2017-06-01",0.49
"62",2017-06-02,62,"2017-06-02",0.52
"63",2017-06-03,63,"2017-06-03",0.54
"64",2017-06-04,64,"2017-06-04",0.68
"65",2017-06-05,65,"2017-06-05",0.76
"66",2017-06-06,66,"2017-06-06",0.81
"67",2017-06-07,67,"2017-06-07",0.52
"68",2017-06-08,68,"2017-06-08",0.54
"69",2017-06-09,69,"2017-06-09",0.61
"70",2017-06-10,70,"2017-06-10",0.59
"71",2017-06-11,71,"2017-06-11",0.58
"72",2017-06-12,72,"2017-06-12",0.58
"73",2017-06-13,73,"2017-06-13",0.6
"74",2017-06-14,74,"2017-06-14",0.65
"75",2017-06-15,75,"2017-06-15",0.78
"76",2017-06-16,76,"2017-06-16",0.58
"77",2017-06-17,77,"2017-06-17",0.42
"78",2017-06-18,78,"2017-06-18",0.5
"79",2017-06-19,79,"2017-06-19",0.51
"80",2017-06-20,80,"2017-06-20",0.53
"81",2017-06-21,81,"2017-06-21",0.53
"82",2017-06-22,82,"2017-06-22",0.59
"83",2017-06-23,83,"2017-06-23",0.62
"84",2017-06-24,84,"2017-06-24",0.65
"85",2017-06-25,85,"2017-06-25",0.71
"86",2017-06-26,86,"2017-06-26",0.71
"87",2017-06-27,87,"2017-06-27",0.73
"88",2017-06-28,88,"2017-06-28",0.77
"89",2017-06-29,89,"2017-06-29",0.79
"90",2017-06-30,90,"2017-06-30",0.68
"91",2017-07-01,91,"2017-07-01",0.64
"92",2017-07-02,92,"2017-07-02",0.59
"93",2017-07-03,93,"2017-07-03",0.53
"94",2017-07-04,94,"2017-07-04",0.6
"95",2017-07-05,95,"2017-07-05",0.61
"96",2017-07-06,96,"2017-07-06",0.59
"97",2017-07-07,97,"2017-07-07",0.57
"98",2017-07-08,98,"2017-07-08",0.57
"99",2017-07-09,99,"2017-07-09",0.59
"100",2017-07-10,100,"2017-07-10",0.65
"101",2017-07-11,101,"2017-07-11",0.74
"102",2017-07-12,102,"2017-07-12",0.7
"103",2017-07-13,103,"2017-07-13",0.59
"104",2017-07-14,104,"2017-07-14",0.76
"105",2017-07-15,105,"2017-07-15",0.58
"106",2017-07-16,106,"2017-07-16",0.51
"107",2017-07-17,107,"2017-07-17",0.47
"108",2017-07-18,108,"2017-07-18",0.51
"109",2017-07-19,109,"2017-07-19",0.52
"110",2017-07-20,110,"2017-07-20",0.55
"111",2017-07-21,111,"2017-07-21",0.61
"112",2017-07-22,112,"2017-07-22",0.65
"113",2017-07-23,113,"2017-07-23",0.62
"114",2017-07-24,114,"2017-07-24",0.73
"115",2017-07-25,115,"2017-07-25",0.45
"116",2017-07-26,116,"2017-07-26",0.42
"117",2017-07-27,117,"2017-07-27",0.42
"118",2017-07-28,118,"2017-07-28",0.57
"119",2017-07-29,119,"2017-07-29",0.65
"120",2017-07-30,120,"2017-07-30",0.76
"121",2017-07-31,121,"2017-07-31",0.65
"122",2017-08-01,122,"2017-08-01",0.62
"123",2017-08-02,123,"2017-08-02",0.59
"124",2017-08-03,124,"2017-08-03",0.56
"125",2017-08-04,125,"2017-08-04",0.54
"126",2017-08-05,126,"2017-08-05",0.54
"127",2017-08-06,127,"2017-08-06",0.63
"128",2017-08-07,128,"2017-08-07",0.56
"129",2017-08-08,129,"2017-08-08",0.6
"130",2017-08-09,130,"2017-08-09",0.67
"131",2017-08-10,131,"2017-08-10",0.7
"132",2017-08-11,132,"2017-08-11",0.69
"133",2017-08-12,133,"2017-08-12",0.55
"134",2017-08-13,134,"2017-08-13",0.5
"135",2017-08-14,135,"2017-08-14",0.52
"136",2017-08-15,136,"2017-08-15",0.54
"137",2017-08-16,137,"2017-08-16",0.57
"138",2017-08-17,138,"2017-08-17",0.57
"139",2017-08-18,139,"2017-08-18",0.57
"140",2017-08-21,140,"2017-08-21",0.53
"141",2017-08-22,141,"2017-08-22",0.53
"142",2017-08-23,142,"2017-08-23",0.57
"143",2017-08-24,143,"2017-08-24",0.59
"144",2017-08-25,144,"2017-08-25",0.62
"145",2017-08-26,145,"2017-08-26",0.61
"146",2017-08-27,146,"2017-08-27",0.57
"147",2017-08-28,147,"2017-08-28",0.59
"148",2017-08-29,148,"2017-08-29",0.56
"149",2017-08-30,149,"2017-08-30",0.55
"150",2017-08-31,150,"2017-08-31",0.61
"151",2017-09-01,151,"2017-09-01",0.7
"152",2017-09-02,152,"2017-09-02",0.8
"153",2017-09-03,153,"2017-09-03",0.62
"154",2017-09-04,154,"2017-09-04",0.59
"155",2017-09-05,155,"2017-09-05",0.63
"156",2017-09-06,156,"2017-09-06",0.67
"157",2017-09-07,157,"2017-09-07",0.69
"158",2017-09-08,158,"2017-09-08",0.73
"159",2017-09-09,159,"2017-09-09",0.75
"160",2017-09-10,160,"2017-09-10",0.92
"161",2017-09-11,161,"2017-09-11",0.83
"162",2017-09-12,162,"2017-09-12",0.72
"163",2017-09-13,163,"2017-09-13",0.71
"164",2017-09-14,164,"2017-09-14",0.79
"165",2017-09-15,165,"2017-09-15",0.75
"166",2017-09-16,166,"2017-09-16",0.85
"167",2017-09-17,167,"2017-09-17",0.75
"168",2017-09-18,168,"2017-09-18",0.77
"169",2017-09-19,169,"2017-09-19",0.74
"170",2017-09-20,170,"2017-09-20",0.61
"171",2017-09-21,171,"2017-09-21",0.57
"172",2017-09-22,172,"2017-09-22",0.68
"173",2017-09-23,173,"2017-09-23",0.73
"174",2017-09-24,174,"2017-09-24",0.78
"175",2017-09-25,175,"2017-09-25",0.74
"176",2017-09-26,176,"2017-09-26",0.72
"177",2017-09-27,177,"2017-09-27",0.7
"178",2017-09-28,178,"2017-09-28",0.73
"179",2017-09-29,179,"2017-09-29",0.74
"180",2017-09-30,180,"2017-09-30",0.7
"181",2017-10-01,181,"2017-10-01",0.79
"182",2017-10-02,182,"2017-10-02",0.77
"183",2017-10-03,183,"2017-10-03",0.82
"184",2017-10-04,184,"2017-10-04",0.82
"185",2017-10-05,185,"2017-10-05",0.78
"186",2017-10-06,186,"2017-10-06",0.61
"187",2017-10-07,187,"2017-10-07",0.55
"188",2017-10-08,188,"2017-10-08",0.59
"189",2017-10-09,189,"2017-10-09",0.69
"190",2017-10-10,190,"2017-10-10",0.71
"191",2017-10-11,191,"2017-10-11",0.76
"192",2017-10-12,192,"2017-10-12",0.75
"193",2017-10-13,193,"2017-10-13",0.78
"194",2017-10-14,194,"2017-10-14",0.76
"195",2017-10-15,195,"2017-10-15",0.75
"196",2017-10-16,196,"2017-10-16",0.75
"197",2017-10-17,197,"2017-10-17",0.76
"198",2017-10-18,198,"2017-10-18",0.76
"199",2017-10-19,199,"2017-10-19",0.85
"200",2017-10-20,200,"2017-10-20",0.9
"201",2017-10-21,201,"2017-10-21",0.86
"202",2017-10-22,202,"2017-10-22",0.85
"203",2017-10-23,203,"2017-10-23",0.49
"204",2017-10-24,204,"2017-10-24",0.5
"205",2017-10-25,205,"2017-10-25",0.62
"206",2017-10-26,206,"2017-10-26",0.72
"207",2017-10-27,207,"2017-10-27",0.65
"208",2017-10-28,208,"2017-10-28",0.65
"209",2017-10-29,209,"2017-10-29",0.52
"210",2017-10-30,210,"2017-10-30",0.52
"211",2017-10-31,211,"2017-10-31",0.67
"212",2017-11-01,212,"2017-11-01",0.7
"213",2017-11-02,213,"2017-11-02",0.76
"214",2017-11-03,214,"2017-11-03",0.81
"215",2017-11-04,215,"2017-11-04",0.76
"216",2017-11-05,216,"2017-11-05",0.81
"217",2017-11-06,217,"2017-11-06",0.92
"218",2017-11-07,218,"2017-11-07",0.87
"219",2017-11-08,219,"2017-11-08",0.86
"220",2017-11-09,220,"2017-11-09",0.87
"221",2017-11-10,221,"2017-11-10",0.91
"222",2017-11-11,222,"2017-11-11",0.87
"223",2017-11-12,223,"2017-11-12",0.9
"224",2017-11-13,224,"2017-11-13",0.95
"225",2017-11-14,225,"2017-11-14",0.78
"226",2017-11-15,226,"2017-11-15",0.67
"227",2017-11-16,227,"2017-11-16",0.7
"228",2017-11-17,228,"2017-11-17",0.68
"229",2017-11-18,229,"2017-11-18",0.74
"230",2017-11-19,230,"2017-11-19",0.79
"231",2017-11-20,231,"2017-11-20",0.68
"232",2017-11-21,232,"2017-11-21",0.65
"233",2017-11-22,233,"2017-11-22",0.72
"234",2017-11-23,234,"2017-11-23",0.81
"235",2017-11-24,235,"2017-11-24",0.86
"236",2017-11-25,236,"2017-11-25",0.86
"237",2017-11-26,237,"2017-11-26",0.95
"238",2017-11-27,238,"2017-11-27",0.6
"239",2017-11-28,239,"2017-11-28",0.65
"240",2017-11-29,240,"2017-11-29",0.76
"241",2017-11-30,241,"2017-11-30",0.88
"242",2017-12-01,242,"2017-12-01",0.71
"243",2017-12-02,243,"2017-12-02",0.71
"244",2017-12-03,244,"2017-12-03",0.7
"245",2017-12-04,245,"2017-12-04",0.69
"246",2017-12-05,246,"2017-12-05",0.75
"247",2017-12-06,247,"2017-12-06",0.73
"248",2017-12-07,248,"2017-12-07",0.73
"249",2017-12-08,249,"2017-12-08",0.79
"250",2017-12-09,250,"2017-12-09",0.88
"251",2017-12-10,251,"2017-12-10",0.35
"252",2017-12-11,252,"2017-12-11",0.65
"253",2017-12-12,253,"2017-12-12",0.94
"254",2017-12-13,254,"2017-12-13",0.87
"255",2017-12-14,255,"2017-12-14",0.85
"256",2017-12-15,256,"2017-12-15",0.81
"257",2017-12-16,257,"2017-12-16",0.87
"258",2017-12-17,258,"2017-12-17",0.84
"259",2017-12-18,259,"2017-12-18",0.65
"260",2017-12-19,260,"2017-12-19",0.58
"261",2017-12-20,261,"2017-12-20",0.7
"262",2017-12-21,262,"2017-12-21",0.78
"263",2017-12-22,263,"2017-12-22",0.8
"264",2017-12-23,264,"2017-12-23",0.83
"265",2017-12-24,265,"2017-12-24",0.77
"266",2017-12-25,266,"2017-12-25",0.75
"267",2017-12-26,267,"2017-12-26",0.8
"268",2017-12-27,268,"2017-12-27",0.95
"269",2017-12-28,269,"2017-12-28",0.97
"270",2017-12-29,270,"2017-12-29",0.7
"271",2017-12-30,271,"2017-12-30",0.48
"272",2017-12-31,272,"2017-12-31",0.72
"273",2018-01-01,273,"2018-01-01",0.87
"274",2018-01-02,274,"2018-01-02",0.94
"275",2018-01-03,275,"2018-01-03",0.68
"276",2018-01-04,276,"2018-01-04",0.71
"277",2018-01-05,277,"2018-01-05",0.77
"278",2018-01-06,278,"2018-01-06",0.87
"279",2018-01-07,279,"2018-01-07",0.99
"280",2018-01-08,280,"2018-01-08",0.97
"281",2018-01-09,281,"2018-01-09",0.9
"282",2018-01-10,282,"2018-01-10",0.92
"283",2018-01-11,283,"2018-01-11",0.89
"284",2018-01-12,284,"2018-01-12",0.89
"285",2018-01-13,285,"2018-01-13",0.82
"286",2018-01-14,286,"2018-01-14",0.83
"287",2018-01-15,287,"2018-01-15",0.87
"288",2018-01-16,288,"2018-01-16",0.91
"289",2018-01-17,289,"2018-01-17",0.93
"290",2018-01-18,290,"2018-01-18",0.69
"291",2018-01-19,291,"2018-01-19",0.58
"292",2018-01-20,292,"2018-01-20",0.73
"293",2018-01-22,293,"2018-01-22",0.65
"294",2018-01-23,294,"2018-01-23",0.62
"295",2018-01-24,295,"2018-01-24",0.78
"296",2018-01-25,296,"2018-01-25",0.79
"297",2018-01-26,297,"2018-01-26",0.86
"298",2018-01-27,298,"2018-01-27",0.94
"299",2018-01-28,299,"2018-01-28",0.91
"300",2018-01-29,300,"2018-01-29",0.9
"301",2018-01-30,301,"2018-01-30",0.89
"302",2018-01-31,302,"2018-01-31",0.91
"303",2018-02-01,303,"2018-02-01",0.94
"304",2018-02-02,304,"2018-02-02",0.96
"305",2018-02-03,305,"2018-02-03",0.91
"306",2018-02-04,306,"2018-02-04",0.84
"307",2018-02-05,307,"2018-02-05",0.76
"308",2018-02-06,308,"2018-02-06",0.81
"309",2018-02-07,309,"2018-02-07",0.89
"310",2018-02-08,310,"2018-02-08",0.9
"311",2018-02-09,311,"2018-02-09",0.84
"312",2018-02-10,312,"2018-02-10",0.82
"313",2018-02-11,313,"2018-02-11",0.77
"314",2018-02-12,314,"2018-02-12",0.75
"315",2018-02-13,315,"2018-02-13",0.7
"316",2018-02-14,316,"2018-02-14",0.66
"317",2018-02-15,317,"2018-02-15",0.59
"318",2018-02-16,318,"2018-02-16",0.64
"319",2018-02-17,319,"2018-02-17",0.68
"320",2018-02-18,320,"2018-02-18",0.71
"321",2018-02-19,321,"2018-02-19",0.83
"322",2018-02-20,322,"2018-02-20",0.77
"323",2018-02-21,323,"2018-02-21",0.74
"324",2018-02-22,324,"2018-02-22",0.7
"325",2018-02-23,325,"2018-02-23",0.85
"326",2018-02-24,326,"2018-02-24",0.92
"327",2018-02-25,327,"2018-02-25",0.84
"328",2018-02-26,328,"2018-02-26",0.79
"329",2018-02-27,329,"2018-02-27",0.63
"330",2018-02-28,330,"2018-02-28",0.64
"331",2018-03-01,331,"2018-03-01",0.63
"332",2018-03-02,332,"2018-03-02",0.89
"333",2018-03-03,333,"2018-03-03",0.92
"334",2018-03-04,334,"2018-03-04",0.94
"335",2018-03-05,335,"2018-03-05",0.93
"336",2018-03-06,336,"2018-03-06",0.89
"337",2018-03-07,337,"2018-03-07",0.92
"338",2018-03-08,338,"2018-03-08",0.92
"339",2018-03-09,339,"2018-03-09",0.71
"340",2018-03-10,340,"2018-03-10",0.7
"341",2018-03-11,341,"2018-03-11",0.9
"342",2018-03-12,342,"2018-03-12",0.96
"343",2018-03-13,343,"2018-03-13",0.9
"344",2018-03-14,344,"2018-03-14",0.79
"345",2018-03-15,345,"2018-03-15",0.65
"346",2018-03-16,346,"2018-03-16",0.87
"347",2018-03-17,347,"2018-03-17",0.81
"348",2018-03-18,348,"2018-03-18",0.92
"349",2018-03-19,349,"2018-03-19",0.93
"350",2018-03-20,350,"2018-03-20",0.93
"351",2018-03-21,351,"2018-03-21",0.83
"352",2018-03-22,352,"2018-03-22",0.72
"353",2018-03-23,353,"2018-03-23",0.6
"354",2018-03-24,354,"2018-03-24",0.65
"355",2018-03-25,355,"2018-03-25",0.61
"356",2018-03-26,356,"2018-03-26",0.63
"357",2018-03-27,357,"2018-03-27",0.53
"358",2018-03-28,358,"2018-03-28",0.68
"359",2018-03-29,359,"2018-03-29",0.84
"360",2018-03-30,360,"2018-03-30",0.8
"361",2018-03-31,361,"2018-03-31",0.8
"362",2018-04-01,362,"2018-04-01",0.52
"363",2018-04-02,363,"2018-04-02",0.49
"364",2018-04-03,364,"2018-04-03",0.72
"365",2018-04-04,365,"2018-04-04",0.92
"366",2018-04-05,366,"2018-04-05",0.82
"367",2018-04-06,367,"2018-04-06",0.67
"368",2018-04-07,368,"2018-04-07",0.7
"369",2018-04-08,369,"2018-04-08",0.64
"370",2018-04-09,370,"2018-04-09",0.76
"371",2018-04-10,371,"2018-04-10",0.83
"372",2018-04-11,372,"2018-04-11",0.8
"373",2018-04-12,373,"2018-04-12",0.82
"374",2018-04-13,374,"2018-04-13",0.76
"375",2018-04-14,375,"2018-04-14",0.61
"376",2018-04-15,376,"2018-04-15",0.68
"377",2018-04-16,377,"2018-04-16",0.66
"378",2018-04-17,378,"2018-04-17",0.63
"379",2018-04-18,379,"2018-04-18",0.6
"380",2018-04-19,380,"2018-04-19",0.57
"381",2018-04-20,381,"2018-04-20",0.55
"382",2018-04-21,382,"2018-04-21",0.52
"383",2018-04-22,383,"2018-04-22",0.55
"384",2018-04-23,384,"2018-04-23",0.59
"385",2018-04-24,385,"2018-04-24",0.6
"386",2018-04-25,386,"2018-04-25",0.59
"387",2018-04-26,387,"2018-04-26",0.63
"388",2018-04-27,388,"2018-04-27",0.64
"389",2018-04-28,389,"2018-04-28",0.65
"390",2018-04-29,390,"2018-04-29",0.65
"391",2018-04-30,391,"2018-04-30",0.6
"392",2018-05-01,392,"2018-05-01",0.64
"393",2018-05-02,393,"2018-05-02",0.88
"394",2018-05-03,394,"2018-05-03",0.85
"395",2018-05-04,395,"2018-05-04",0.82
"396",2018-05-05,396,"2018-05-05",0.75
"397",2018-05-06,397,"2018-05-06",0.69
"398",2018-05-07,398,"2018-05-07",0.7
"399",2018-05-08,399,"2018-05-08",0.69
"400",2018-05-09,400,"2018-05-09",0.8
"401",2018-05-10,401,"2018-05-10",0.72
"402",2018-05-11,402,"2018-05-11",0.72
"403",2018-05-12,403,"2018-05-12",0.71
"404",2018-05-13,404,"2018-05-13",0.76
"405",2018-05-14,405,"2018-05-14",0.75
"406",2018-05-15,406,"2018-05-15",0.78
"407",2018-05-16,407,"2018-05-16",0.75
"408",2018-05-17,408,"2018-05-17",0.77
"409",2018-05-18,409,"2018-05-18",0.68
"410",2018-05-19,410,"2018-05-19",0.65
"411",2018-05-20,411,"2018-05-20",0.7
"412",2018-05-22,412,"2018-05-22",0.85
"413",2018-05-23,413,"2018-05-23",0.78
"414",2018-05-24,414,"2018-05-24",0.67
"415",2018-05-25,415,"2018-05-25",0.62
"416",2018-05-26,416,"2018-05-26",0.64
"417",2018-05-27,417,"2018-05-27",0.65
"418",2018-05-28,418,"2018-05-28",0.7
"419",2018-05-29,419,"2018-05-29",0.77
"420",2018-05-30,420,"2018-05-30",0.7
"421",2018-05-31,421,"2018-05-31",0.71
"422",2018-06-01,422,"2018-06-01",0.66
"423",2018-06-02,423,"2018-06-02",0.67
"424",2018-06-03,424,"2018-06-03",0.65
"425",2018-06-04,425,"2018-06-04",0.8
"426",2018-06-05,426,"2018-06-05",0.69
"427",2018-06-06,427,"2018-06-06",0.67
"428",2018-06-07,428,"2018-06-07",0.66
"429",2018-06-08,429,"2018-06-08",0.8
"430",2018-06-09,430,"2018-06-09",0.7
"431",2018-06-10,431,"2018-06-10",0.71
"432",2018-06-11,432,"2018-06-11",0.71
"433",2018-06-12,433,"2018-06-12",0.72
"434",2018-06-13,434,"2018-06-13",0.81
"435",2018-06-14,435,"2018-06-14",0.65
"436",2018-06-15,436,"2018-06-15",0.61
"437",2018-06-16,437,"2018-06-16",0.57
"438",2018-06-17,438,"2018-06-17",0.59
"439",2018-06-18,439,"2018-06-18",0.65
"440",2018-06-19,440,"2018-06-19",0.59
"441",2018-06-20,441,"2018-06-20",0.58
"442",2018-06-21,442,"2018-06-21",0.63
"443",2018-06-22,443,"2018-06-22",0.71
"444",2018-06-23,444,"2018-06-23",0.61
"445",2018-06-24,445,"2018-06-24",0.52
"446",2018-06-25,446,"2018-06-25",0.63
"447",2018-06-26,447,"2018-06-26",0.54
"448",2018-06-27,448,"2018-06-27",0.52
"449",2018-06-28,449,"2018-06-28",0.5
"450",2018-06-29,450,"2018-06-29",0.45
"451",2018-06-30,451,"2018-06-30",0.44
"452",2018-07-01,452,"2018-07-01",0.6
"453",2018-07-02,453,"2018-07-02",0.62
"454",2018-07-03,454,"2018-07-03",0.66
"455",2018-07-04,455,"2018-07-04",0.74
"456",2018-07-05,456,"2018-07-05",0.67
"457",2018-07-06,457,"2018-07-06",0.7
"458",2018-07-07,458,"2018-07-07",0.61
"459",2018-07-08,459,"2018-07-08",0.58
"460",2018-07-09,460,"2018-07-09",0.53
"461",2018-07-10,461,"2018-07-10",0.57
"462",2018-07-11,462,"2018-07-11",0.83
"463",2018-07-12,463,"2018-07-12",0.77
"464",2018-07-13,464,"2018-07-13",0.72
"465",2018-07-14,465,"2018-07-14",0.7
"466",2018-07-15,466,"2018-07-15",0.66
"467",2018-07-16,467,"2018-07-16",0.8
"468",2018-07-17,468,"2018-07-17",0.72
"469",2018-07-18,469,"2018-07-18",0.5
"470",2018-07-19,470,"2018-07-19",0.53
"471",2018-07-20,471,"2018-07-20",0.63
"472",2018-07-21,472,"2018-07-21",0.82
"473",2018-07-22,473,"2018-07-22",0.71
"474",2018-07-23,474,"2018-07-23",0.69
"475",2018-07-24,475,"2018-07-24",0.67
"476",2018-07-25,476,"2018-07-25",0.65
"477",2018-07-26,477,"2018-07-26",0.64
"478",2018-07-27,478,"2018-07-27",0.68
"479",2018-07-28,479,"2018-07-28",0.68
"480",2018-07-29,480,"2018-07-29",0.61
"481",2018-07-30,481,"2018-07-30",0.62
"482",2018-07-31,482,"2018-07-31",0.62
"483",2018-08-01,483,"2018-08-01",0.62
"484",2018-08-02,484,"2018-08-02",0.62
"485",2018-08-03,485,"2018-08-03",0.61
"486",2018-08-04,486,"2018-08-04",0.64
"487",2018-08-06,487,"2018-08-06",0.64
"488",2018-08-07,488,"2018-08-07",0.53
"489",2018-08-08,489,"2018-08-08",0.64
"490",2018-08-09,490,"2018-08-09",0.64
"491",2018-08-10,491,"2018-08-10",0.66
"492",2018-08-11,492,"2018-08-11",0.66
"493",2018-08-12,493,"2018-08-12",0.7
"494",2018-08-13,494,"2018-08-13",0.72
"495",2018-08-14,495,"2018-08-14",0.62
"496",2018-08-20,496,"2018-08-20",0.57
"497",2018-08-21,497,"2018-08-21",0.53
"498",2018-08-22,498,"2018-08-22",0.62
"499",2018-08-23,499,"2018-08-23",0.57
"500",2018-08-24,500,"2018-08-24",0.55
"501",2018-08-25,501,"2018-08-25",0.88
"502",2018-08-26,502,"2018-08-26",0.75
"503",2018-08-27,503,"2018-08-27",0.61
"504",2018-08-28,504,"2018-08-28",0.61
"505",2018-08-29,505,"2018-08-29",0.55
"506",2018-08-30,506,"2018-08-30",0.62
"507",2018-08-31,507,"2018-08-31",0.8
"508",2018-09-01,508,"2018-09-01",0.86
"509",2018-09-02,509,"2018-09-02",0.89
"510",2018-09-03,510,"2018-09-03",0.77
"511",2018-09-04,511,"2018-09-04",0.7
"512",2018-09-05,512,"2018-09-05",0.69
"513",2018-09-06,513,"2018-09-06",0.69
"514",2018-09-07,514,"2018-09-07",0.79
"515",2018-09-08,515,"2018-09-08",0.72
"516",2018-09-09,516,"2018-09-09",0.7
"517",2018-09-10,517,"2018-09-10",0.7
"518",2018-09-11,518,"2018-09-11",0.71
"519",2018-09-12,519,"2018-09-12",0.71
"520",2018-09-13,520,"2018-09-13",0.73
"521",2018-09-14,521,"2018-09-14",0.7
"522",2018-09-15,522,"2018-09-15",0.77
"523",2018-09-16,523,"2018-09-16",0.72
"524",2018-09-17,524,"2018-09-17",0.73
"525",2018-09-18,525,"2018-09-18",0.75
"526",2018-09-19,526,"2018-09-19",0.73
"527",2018-09-20,527,"2018-09-20",0.72
"528",2018-09-21,528,"2018-09-21",0.7
"529",2018-09-22,529,"2018-09-22",0.71
"530",2018-09-23,530,"2018-09-23",0.74
"531",2018-09-24,531,"2018-09-24",0.55
"532",2018-09-25,532,"2018-09-25",0.49
"533",2018-09-26,533,"2018-09-26",0.53
"534",2018-09-27,534,"2018-09-27",0.65
"535",2018-09-28,535,"2018-09-28",0.58
"536",2018-09-29,536,"2018-09-29",0.57
"537",2018-09-30,537,"2018-09-30",0.66
"538",2018-10-01,538,"2018-10-01",0.91
"539",2018-10-02,539,"2018-10-02",0.73
"540",2018-10-03,540,"2018-10-03",0.73
"541",2018-10-04,541,"2018-10-04",0.72
"542",2018-10-05,542,"2018-10-05",0.71
"543",2018-10-06,543,"2018-10-06",0.81
"544",2018-10-07,544,"2018-10-07",0.84
"545",2018-10-08,545,"2018-10-08",0.78
"546",2018-10-09,546,"2018-10-09",0.81
"547",2018-10-10,547,"2018-10-10",0.76
"548",2018-10-11,548,"2018-10-11",0.78
"549",2018-10-12,549,"2018-10-12",0.81
"550",2018-10-13,550,"2018-10-13",0.82
"551",2018-10-14,551,"2018-10-14",0.76
"552",2018-10-15,552,"2018-10-15",0.74
"553",2018-10-16,553,"2018-10-16",0.73
"554",2018-10-17,554,"2018-10-17",0.75
"555",2018-10-18,555,"2018-10-18",0.78
"556",2018-10-19,556,"2018-10-19",0.78
"557",2018-10-20,557,"2018-10-20",0.79
"558",2018-10-21,558,"2018-10-21",0.8
"559",2018-10-22,559,"2018-10-22",0.64
"560",2018-10-23,560,"2018-10-23",0.7
"561",2018-10-24,561,"2018-10-24",0.47
"562",2018-10-25,562,"2018-10-25",0.71
"563",2018-10-26,563,"2018-10-26",0.87
"564",2018-10-27,564,"2018-10-27",0.96
"565",2018-10-28,565,"2018-10-28",0.92
"566",2018-10-29,566,"2018-10-29",0.92
"567",2018-10-30,567,"2018-10-30",0.92
"568",2018-10-31,568,"2018-10-31",0.69
"569",2018-11-01,569,"2018-11-01",0.76
"570",2018-11-02,570,"2018-11-02",0.88
"571",2018-11-03,571,"2018-11-03",0.95
"572",2018-11-04,572,"2018-11-04",0.92
"573",2018-11-05,573,"2018-11-05",0.88
"574",2018-11-06,574,"2018-11-06",0.93
"575",2018-11-07,575,"2018-11-07",0.9
"576",2018-11-08,576,"2018-11-08",0.96
"577",2018-11-09,577,"2018-11-09",0.93
"578",2018-11-10,578,"2018-11-10",0.93
"579",2018-11-11,579,"2018-11-11",0.99
"580",2018-11-12,580,"2018-11-12",0.99
"581",2018-11-13,581,"2018-11-13",0.96
"582",2018-11-14,582,"2018-11-14",0.95
"583",2018-11-15,583,"2018-11-15",0.91
"584",2018-11-16,584,"2018-11-16",0.92
"585",2018-11-17,585,"2018-11-17",0.79
"586",2018-11-18,586,"2018-11-18",0.76
"587",2018-11-19,587,"2018-11-19",0.7
"588",2018-11-20,588,"2018-11-20",0.77
"589",2018-11-21,589,"2018-11-21",0.94
"590",2018-11-22,590,"2018-11-22",0.89
"591",2018-11-23,591,"2018-11-23",0.93
"592",2018-11-24,592,"2018-11-24",0.97
"593",2018-11-25,593,"2018-11-25",0.98
"594",2018-11-26,594,"2018-11-26",0.92
"595",2018-11-27,595,"2018-11-27",0.87
"596",2018-11-28,596,"2018-11-28",0.87
"597",2018-11-29,597,"2018-11-29",0.71
"598",2018-11-30,598,"2018-11-30",0.86
"599",2018-12-01,599,"2018-12-01",0.88
"600",2018-12-02,600,"2018-12-02",0.89
"601",2018-12-03,601,"2018-12-03",0.89
"602",2018-12-04,602,"2018-12-04",0.9
"603",2018-12-05,603,"2018-12-05",0.92
"604",2018-12-06,604,"2018-12-06",0.81
"605",2018-12-07,605,"2018-12-07",0.9
"606",2018-12-08,606,"2018-12-08",0.95
"607",2018-12-09,607,"2018-12-09",0.68
"608",2018-12-10,608,"2018-12-10",0.72
"609",2018-12-11,609,"2018-12-11",0.45
"610",2018-12-12,610,"2018-12-12",0.47
"611",2018-12-13,611,"2018-12-13",0.52
"612",2018-12-14,612,"2018-12-14",0.64
"613",2018-12-15,613,"2018-12-15",0.74
"614",2018-12-16,614,"2018-12-16",0.78
"615",2018-12-17,615,"2018-12-17",0.85
"616",2018-12-18,616,"2018-12-18",0.88
"617",2018-12-19,617,"2018-12-19",0.85
"618",2018-12-20,618,"2018-12-20",0.91
"619",2018-12-21,619,"2018-12-21",0.94
"620",2018-12-22,620,"2018-12-22",0.96
"621",2018-12-23,621,"2018-12-23",0.91
"622",2018-12-24,622,"2018-12-24",1
"623",2018-12-25,623,"2018-12-25",0.92
"624",2018-12-26,624,"2018-12-26",0.76
"625",2018-12-27,625,"2018-12-27",0.93
"626",2018-12-28,626,"2018-12-28",0.94
"627",2018-12-29,627,"2018-12-29",0.81
"628",2018-12-30,628,"2018-12-30",0.76
"629",2018-12-31,629,"2018-12-31",0.67
"630",2019-01-01,630,"2019-01-01",0.65
"631",2019-01-02,631,"2019-01-02",0.85
"632",2019-01-03,632,"2019-01-03",0.54
"633",2019-01-04,633,"2019-01-04",0.42
"634",2019-01-05,634,"2019-01-05",0.54
"635",2019-01-06,635,"2019-01-06",0.58
"636",2019-01-07,636,"2019-01-07",0.63
"637",2019-01-08,637,"2019-01-08",0.76
"638",2019-01-09,638,"2019-01-09",0.95
"639",2019-01-10,639,"2019-01-10",0.52
"640",2019-01-11,640,"2019-01-11",0.37
"641",2019-01-12,641,"2019-01-12",0.45
"642",2019-01-13,642,"2019-01-13",0.58
"643",2019-01-14,643,"2019-01-14",0.77
"644",2019-01-15,644,"2019-01-15",0.45
"645",2019-01-16,645,"2019-01-16",0.5
"646",2019-01-17,646,"2019-01-17",0.64
"647",2019-01-18,647,"2019-01-18",0.96
"648",2019-01-19,648,"2019-01-19",0.93
"649",2019-01-20,649,"2019-01-20",0.78
"650",2019-01-21,650,"2019-01-21",0.81
"651",2019-01-22,651,"2019-01-22",0.81
"652",2019-01-23,652,"2019-01-23",0.77
"653",2019-01-24,653,"2019-01-24",0.86
"654",2019-01-25,654,"2019-01-25",0.77
"655",2019-01-26,655,"2019-01-26",0.7
"656",2019-01-27,656,"2019-01-27",0.68
"657",2019-01-28,657,"2019-01-28",0.91
"658",2019-01-29,658,"2019-01-29",0.87
"659",2019-01-30,659,"2019-01-30",0.72
"660",2019-01-31,660,"2019-01-31",0.77
"661",2019-02-01,661,"2019-02-01",0.93
"662",2019-02-02,662,"2019-02-02",0.99
"663",2019-02-03,663,"2019-02-03",0.98
"664",2019-02-04,664,"2019-02-04",0.97
"665",2019-02-05,665,"2019-02-05",0.74
"666",2019-02-06,666,"2019-02-06",0.75
"667",2019-02-07,667,"2019-02-07",0.66
"668",2019-02-08,668,"2019-02-08",0.74
"669",2019-02-09,669,"2019-02-09",0.66
"670",2019-02-10,670,"2019-02-10",0.64
"671",2019-02-11,671,"2019-02-11",0.93
"672",2019-02-12,672,"2019-02-12",0.53
"673",2019-02-13,673,"2019-02-13",0.45
"674",2019-02-14,674,"2019-02-14",0.62
"675",2019-02-15,675,"2019-02-15",0.68
"676",2019-02-16,676,"2019-02-16",0.66
"677",2019-02-17,677,"2019-02-17",0.71
"678",2019-02-18,678,"2019-02-18",0.65
"679",2019-02-19,679,"2019-02-19",0.67
"680",2019-02-20,680,"2019-02-20",0.73
"681",2019-02-21,681,"2019-02-21",0.88
"682",2019-02-22,682,"2019-02-22",0.79
"683",2019-02-23,683,"2019-02-23",0.66
"684",2019-02-24,684,"2019-02-24",0.61
"685",2019-02-25,685,"2019-02-25",0.57
"686",2019-02-26,686,"2019-02-26",0.56
"687",2019-02-27,687,"2019-02-27",0.55
"688",2019-02-28,688,"2019-02-28",0.45
"689",2019-03-01,689,"2019-03-01",0.58
"690",2019-03-02,690,"2019-03-02",0.73
"691",2019-03-03,691,"2019-03-03",0.67
"692",2019-03-04,692,"2019-03-04",0.59
"693",2019-03-05,693,"2019-03-05",0.78
"694",2019-03-06,694,"2019-03-06",0.64
"695",2019-03-07,695,"2019-03-07",0.61
"696",2019-03-08,696,"2019-03-08",0.73
"697",2019-03-09,697,"2019-03-09",0.75
"698",2019-03-10,698,"2019-03-10",0.69
"699",2019-03-11,699,"2019-03-11",0.75
"700",2019-03-12,700,"2019-03-12",0.35
"701",2019-03-13,701,"2019-03-13",0.26
"702",2019-03-14,702,"2019-03-14",0.45
"703",2019-03-15,703,"2019-03-15",0.47
"704",2019-03-16,704,"2019-03-16",0.46
"705",2019-03-17,705,"2019-03-17",0.47
"706",2019-03-18,706,"2019-03-18",0.67
"707",2019-03-19,707,"2019-03-19",0.54
"708",2019-03-20,708,"2019-03-20",0.55
"709",2019-03-21,709,"2019-03-21",0.51
"710",2019-03-22,710,"2019-03-22",0.48
"711",2019-03-23,711,"2019-03-23",0.46
"712",2019-03-24,712,"2019-03-24",0.43
"713",2019-03-25,713,"2019-03-25",0.41
"714",2019-03-26,714,"2019-03-26",0.34
"715",2019-03-27,715,"2019-03-27",0.41
"716",2019-03-28,716,"2019-03-28",0.42
"717",2019-03-29,717,"2019-03-29",0.5
"718",2019-03-30,718,"2019-03-30",0.48
"719",2019-03-31,719,"2019-03-31",0.46
