"","date","windSpeed.X","windSpeed.date","windSpeed.windSpeed"
"1",2017-04-01,1,"2017-04-01",0.64
"2",2017-04-02,2,"2017-04-02",0.04
"3",2017-04-03,3,"2017-04-03",1.31
"4",2017-04-04,4,"2017-04-04",0.73
"5",2017-04-05,5,"2017-04-05",0.99
"6",2017-04-06,6,"2017-04-06",1.18
"7",2017-04-07,7,"2017-04-07",0.52
"8",2017-04-08,8,"2017-04-08",0.59
"9",2017-04-09,9,"2017-04-09",0.72
"10",2017-04-10,10,"2017-04-10",0.29
"11",2017-04-11,11,"2017-04-11",0.6
"12",2017-04-12,12,"2017-04-12",0.77
"13",2017-04-13,13,"2017-04-13",2.28
"14",2017-04-14,14,"2017-04-14",0.89
"15",2017-04-15,15,"2017-04-15",0.48
"16",2017-04-16,16,"2017-04-16",1.31
"17",2017-04-17,17,"2017-04-17",0.92
"18",2017-04-18,18,"2017-04-18",1.63
"19",2017-04-19,19,"2017-04-19",2.68
"20",2017-04-20,20,"2017-04-20",0.7
"21",2017-04-21,21,"2017-04-21",0.64
"22",2017-04-22,22,"2017-04-22",1.58
"23",2017-04-23,23,"2017-04-23",1.59
"24",2017-04-24,24,"2017-04-24",1.3
"25",2017-04-25,25,"2017-04-25",1.19
"26",2017-04-26,26,"2017-04-26",2.13
"27",2017-04-27,27,"2017-04-27",0.29
"28",2017-04-28,28,"2017-04-28",1.45
"29",2017-04-29,29,"2017-04-29",0.56
"30",2017-04-30,30,"2017-04-30",0.85
"31",2017-05-01,31,"2017-05-01",1.32
"32",2017-05-02,32,"2017-05-02",0.04
"33",2017-05-03,33,"2017-05-03",0.59
"34",2017-05-04,34,"2017-05-04",0.14
"35",2017-05-05,35,"2017-05-05",0.71
"36",2017-05-06,36,"2017-05-06",0.75
"37",2017-05-07,37,"2017-05-07",0.76
"38",2017-05-08,38,"2017-05-08",0.54
"39",2017-05-09,39,"2017-05-09",1.28
"40",2017-05-10,40,"2017-05-10",2.02
"41",2017-05-11,41,"2017-05-11",1.66
"42",2017-05-12,42,"2017-05-12",0.47
"43",2017-05-13,43,"2017-05-13",1.12
"44",2017-05-15,44,"2017-05-15",0.62
"45",2017-05-16,45,"2017-05-16",0.49
"46",2017-05-17,46,"2017-05-17",0.76
"47",2017-05-18,47,"2017-05-18",1.64
"48",2017-05-19,48,"2017-05-19",2.01
"49",2017-05-20,49,"2017-05-20",0.02
"50",2017-05-21,50,"2017-05-21",0.55
"51",2017-05-22,51,"2017-05-22",0.52
"52",2017-05-23,52,"2017-05-23",1.03
"53",2017-05-24,53,"2017-05-24",0.69
"54",2017-05-25,54,"2017-05-25",2.14
"55",2017-05-26,55,"2017-05-26",1.47
"56",2017-05-27,56,"2017-05-27",0.91
"57",2017-05-28,57,"2017-05-28",0.52
"58",2017-05-29,58,"2017-05-29",0.72
"59",2017-05-30,59,"2017-05-30",1.11
"60",2017-05-31,60,"2017-05-31",2
"61",2017-06-01,61,"2017-06-01",1.24
"62",2017-06-02,62,"2017-06-02",0.96
"63",2017-06-03,63,"2017-06-03",1.18
"64",2017-06-04,64,"2017-06-04",0.38
"65",2017-06-05,65,"2017-06-05",1.21
"66",2017-06-06,66,"2017-06-06",0.66
"67",2017-06-07,67,"2017-06-07",0.68
"68",2017-06-08,68,"2017-06-08",0.87
"69",2017-06-09,69,"2017-06-09",0.31
"70",2017-06-10,70,"2017-06-10",0.77
"71",2017-06-11,71,"2017-06-11",1.23
"72",2017-06-12,72,"2017-06-12",0.39
"73",2017-06-13,73,"2017-06-13",0.68
"74",2017-06-14,74,"2017-06-14",0.16
"75",2017-06-15,75,"2017-06-15",0.78
"76",2017-06-16,76,"2017-06-16",1.45
"77",2017-06-17,77,"2017-06-17",0.41
"78",2017-06-18,78,"2017-06-18",2.39
"79",2017-06-19,79,"2017-06-19",0.88
"80",2017-06-20,80,"2017-06-20",0.85
"81",2017-06-21,81,"2017-06-21",1.54
"82",2017-06-22,82,"2017-06-22",1.38
"83",2017-06-23,83,"2017-06-23",3.19
"84",2017-06-24,84,"2017-06-24",1.05
"85",2017-06-25,85,"2017-06-25",0.41
"86",2017-06-26,86,"2017-06-26",0.59
"87",2017-06-27,87,"2017-06-27",1.06
"88",2017-06-28,88,"2017-06-28",1.78
"89",2017-06-29,89,"2017-06-29",0.49
"90",2017-06-30,90,"2017-06-30",1
"91",2017-07-01,91,"2017-07-01",0.16
"92",2017-07-02,92,"2017-07-02",0.61
"93",2017-07-03,93,"2017-07-03",0.44
"94",2017-07-04,94,"2017-07-04",0.97
"95",2017-07-05,95,"2017-07-05",0.58
"96",2017-07-06,96,"2017-07-06",0.77
"97",2017-07-07,97,"2017-07-07",1.39
"98",2017-07-08,98,"2017-07-08",0.99
"99",2017-07-09,99,"2017-07-09",0.33
"100",2017-07-10,100,"2017-07-10",0.74
"101",2017-07-11,101,"2017-07-11",0.68
"102",2017-07-12,102,"2017-07-12",0.7
"103",2017-07-13,103,"2017-07-13",0.94
"104",2017-07-14,104,"2017-07-14",1.51
"105",2017-07-15,105,"2017-07-15",0.31
"106",2017-07-16,106,"2017-07-16",1.72
"107",2017-07-17,107,"2017-07-17",0.81
"108",2017-07-18,108,"2017-07-18",0.75
"109",2017-07-19,109,"2017-07-19",1.02
"110",2017-07-20,110,"2017-07-20",0.86
"111",2017-07-21,111,"2017-07-21",0.26
"112",2017-07-22,112,"2017-07-22",0.2
"113",2017-07-23,113,"2017-07-23",1.06
"114",2017-07-24,114,"2017-07-24",0.34
"115",2017-07-25,115,"2017-07-25",2.04
"116",2017-07-26,116,"2017-07-26",2.9
"117",2017-07-27,117,"2017-07-27",0.55
"118",2017-07-28,118,"2017-07-28",0.67
"119",2017-07-29,119,"2017-07-29",0.72
"120",2017-07-30,120,"2017-07-30",0.77
"121",2017-07-31,121,"2017-07-31",0.32
"122",2017-08-01,122,"2017-08-01",0.43
"123",2017-08-02,123,"2017-08-02",0.87
"124",2017-08-03,124,"2017-08-03",0.29
"125",2017-08-04,125,"2017-08-04",0.81
"126",2017-08-05,126,"2017-08-05",0.71
"127",2017-08-06,127,"2017-08-06",1.93
"128",2017-08-07,128,"2017-08-07",1.07
"129",2017-08-08,129,"2017-08-08",2.53
"130",2017-08-09,130,"2017-08-09",0.21
"131",2017-08-10,131,"2017-08-10",0.63
"132",2017-08-11,132,"2017-08-11",1.18
"133",2017-08-12,133,"2017-08-12",1.36
"134",2017-08-13,134,"2017-08-13",0.25
"135",2017-08-14,135,"2017-08-14",0.37
"136",2017-08-15,136,"2017-08-15",0.34
"137",2017-08-16,137,"2017-08-16",0.29
"138",2017-08-17,138,"2017-08-17",0.11
"139",2017-08-18,139,"2017-08-18",0.66
"140",2017-08-21,140,"2017-08-21",1.1
"141",2017-08-22,141,"2017-08-22",0.79
"142",2017-08-23,142,"2017-08-23",0.36
"143",2017-08-24,143,"2017-08-24",0.44
"144",2017-08-25,144,"2017-08-25",0.69
"145",2017-08-26,145,"2017-08-26",0.58
"146",2017-08-27,146,"2017-08-27",1.06
"147",2017-08-28,147,"2017-08-28",0.51
"148",2017-08-29,148,"2017-08-29",1.8
"149",2017-08-30,149,"2017-08-30",0.33
"150",2017-08-31,150,"2017-08-31",1.34
"151",2017-09-01,151,"2017-09-01",1.59
"152",2017-09-02,152,"2017-09-02",1.39
"153",2017-09-03,153,"2017-09-03",0.52
"154",2017-09-04,154,"2017-09-04",0.09
"155",2017-09-05,155,"2017-09-05",0.52
"156",2017-09-06,156,"2017-09-06",0.65
"157",2017-09-07,157,"2017-09-07",0.86
"158",2017-09-08,158,"2017-09-08",1.02
"159",2017-09-09,159,"2017-09-09",2.62
"160",2017-09-10,160,"2017-09-10",2.03
"161",2017-09-11,161,"2017-09-11",0.47
"162",2017-09-12,162,"2017-09-12",0.82
"163",2017-09-13,163,"2017-09-13",0.29
"164",2017-09-14,164,"2017-09-14",0.54
"165",2017-09-15,165,"2017-09-15",0.54
"166",2017-09-16,166,"2017-09-16",0.42
"167",2017-09-17,167,"2017-09-17",0.55
"168",2017-09-18,168,"2017-09-18",0.54
"169",2017-09-19,169,"2017-09-19",0.72
"170",2017-09-20,170,"2017-09-20",0.28
"171",2017-09-21,171,"2017-09-21",0.28
"172",2017-09-22,172,"2017-09-22",0.46
"173",2017-09-23,173,"2017-09-23",0.49
"174",2017-09-24,174,"2017-09-24",1.12
"175",2017-09-25,175,"2017-09-25",0.92
"176",2017-09-26,176,"2017-09-26",0.32
"177",2017-09-27,177,"2017-09-27",0.07
"178",2017-09-28,178,"2017-09-28",0.49
"179",2017-09-29,179,"2017-09-29",0.75
"180",2017-09-30,180,"2017-09-30",1.8
"181",2017-10-01,181,"2017-10-01",0.96
"182",2017-10-02,182,"2017-10-02",0.45
"183",2017-10-03,183,"2017-10-03",0.44
"184",2017-10-04,184,"2017-10-04",0.21
"185",2017-10-05,185,"2017-10-05",1.2
"186",2017-10-06,186,"2017-10-06",1.77
"187",2017-10-07,187,"2017-10-07",0.48
"188",2017-10-08,188,"2017-10-08",0.78
"189",2017-10-09,189,"2017-10-09",0.14
"190",2017-10-10,190,"2017-10-10",0.08
"191",2017-10-11,191,"2017-10-11",0.17
"192",2017-10-12,192,"2017-10-12",0.4
"193",2017-10-13,193,"2017-10-13",0.21
"194",2017-10-14,194,"2017-10-14",0.2
"195",2017-10-15,195,"2017-10-15",0.42
"196",2017-10-16,196,"2017-10-16",0.3
"197",2017-10-17,197,"2017-10-17",0.16
"198",2017-10-18,198,"2017-10-18",0.13
"199",2017-10-19,199,"2017-10-19",0.47
"200",2017-10-20,200,"2017-10-20",0.46
"201",2017-10-21,201,"2017-10-21",0.3
"202",2017-10-22,202,"2017-10-22",0.55
"203",2017-10-23,203,"2017-10-23",2.29
"204",2017-10-24,204,"2017-10-24",0.36
"205",2017-10-25,205,"2017-10-25",0.52
"206",2017-10-26,206,"2017-10-26",0.46
"207",2017-10-27,207,"2017-10-27",1.14
"208",2017-10-28,208,"2017-10-28",0.61
"209",2017-10-29,209,"2017-10-29",3.22
"210",2017-10-30,210,"2017-10-30",3.22
"211",2017-10-31,211,"2017-10-31",0.62
"212",2017-11-01,212,"2017-11-01",0.31
"213",2017-11-02,213,"2017-11-02",0.13
"214",2017-11-03,214,"2017-11-03",0.2
"215",2017-11-04,215,"2017-11-04",0.24
"216",2017-11-05,216,"2017-11-05",0.09
"217",2017-11-06,217,"2017-11-06",1.77
"218",2017-11-07,218,"2017-11-07",0.82
"219",2017-11-08,219,"2017-11-08",0.16
"220",2017-11-09,220,"2017-11-09",0.38
"221",2017-11-10,221,"2017-11-10",0.25
"222",2017-11-11,222,"2017-11-11",0.4
"223",2017-11-12,223,"2017-11-12",0.33
"224",2017-11-13,224,"2017-11-13",0.55
"225",2017-11-14,225,"2017-11-14",0.5
"226",2017-11-15,226,"2017-11-15",0.09
"227",2017-11-16,227,"2017-11-16",0.42
"228",2017-11-17,228,"2017-11-17",0.26
"229",2017-11-18,229,"2017-11-18",0.08
"230",2017-11-19,230,"2017-11-19",0.26
"231",2017-11-20,231,"2017-11-20",0.6
"232",2017-11-21,232,"2017-11-21",0.07
"233",2017-11-22,233,"2017-11-22",0.56
"234",2017-11-23,234,"2017-11-23",0.22
"235",2017-11-24,235,"2017-11-24",0.49
"236",2017-11-25,236,"2017-11-25",0.21
"237",2017-11-26,237,"2017-11-26",0.07
"238",2017-11-27,238,"2017-11-27",1.35
"239",2017-11-28,239,"2017-11-28",0.4
"240",2017-11-29,240,"2017-11-29",0.03
"241",2017-11-30,241,"2017-11-30",0.33
"242",2017-12-01,242,"2017-12-01",1.03
"243",2017-12-02,243,"2017-12-02",0.9
"244",2017-12-03,244,"2017-12-03",0.86
"245",2017-12-04,245,"2017-12-04",0.19
"246",2017-12-05,246,"2017-12-05",0.29
"247",2017-12-06,247,"2017-12-06",0.04
"248",2017-12-07,248,"2017-12-07",0.73
"249",2017-12-08,249,"2017-12-08",0.35
"250",2017-12-09,250,"2017-12-09",0.28
"251",2017-12-10,251,"2017-12-10",4.55
"252",2017-12-11,252,"2017-12-11",0.31
"253",2017-12-12,253,"2017-12-12",0.36
"254",2017-12-13,254,"2017-12-13",0.65
"255",2017-12-14,255,"2017-12-14",0.64
"256",2017-12-15,256,"2017-12-15",0.46
"257",2017-12-16,257,"2017-12-16",1.06
"258",2017-12-17,258,"2017-12-17",0.43
"259",2017-12-18,259,"2017-12-18",0.99
"260",2017-12-19,260,"2017-12-19",0.45
"261",2017-12-20,261,"2017-12-20",0.44
"262",2017-12-21,262,"2017-12-21",0.23
"263",2017-12-22,263,"2017-12-22",0.38
"264",2017-12-23,264,"2017-12-23",0.46
"265",2017-12-24,265,"2017-12-24",0.38
"266",2017-12-25,266,"2017-12-25",0.68
"267",2017-12-26,267,"2017-12-26",0.32
"268",2017-12-27,268,"2017-12-27",0.5
"269",2017-12-28,269,"2017-12-28",0.8
"270",2017-12-29,270,"2017-12-29",1.29
"271",2017-12-30,271,"2017-12-30",1.07
"272",2017-12-31,272,"2017-12-31",0.66
"273",2018-01-01,273,"2018-01-01",0.24
"274",2018-01-02,274,"2018-01-02",0.46
"275",2018-01-03,275,"2018-01-03",2.47
"276",2018-01-04,276,"2018-01-04",0.63
"277",2018-01-05,277,"2018-01-05",0.41
"278",2018-01-06,278,"2018-01-06",0.32
"279",2018-01-07,279,"2018-01-07",0.1
"280",2018-01-08,280,"2018-01-08",0.22
"281",2018-01-09,281,"2018-01-09",1.8
"282",2018-01-10,282,"2018-01-10",1.97
"283",2018-01-11,283,"2018-01-11",0.12
"284",2018-01-12,284,"2018-01-12",0.12
"285",2018-01-13,285,"2018-01-13",0.21
"286",2018-01-14,286,"2018-01-14",0.21
"287",2018-01-15,287,"2018-01-15",0.18
"288",2018-01-16,288,"2018-01-16",0.25
"289",2018-01-17,289,"2018-01-17",0.84
"290",2018-01-18,290,"2018-01-18",2.46
"291",2018-01-19,291,"2018-01-19",0.97
"292",2018-01-20,292,"2018-01-20",0.4
"293",2018-01-22,293,"2018-01-22",1.73
"294",2018-01-23,294,"2018-01-23",0.28
"295",2018-01-24,295,"2018-01-24",0.81
"296",2018-01-25,296,"2018-01-25",0.66
"297",2018-01-26,297,"2018-01-26",0.08
"298",2018-01-27,298,"2018-01-27",0.33
"299",2018-01-28,299,"2018-01-28",1.22
"300",2018-01-29,300,"2018-01-29",0.44
"301",2018-01-30,301,"2018-01-30",0.32
"302",2018-01-31,302,"2018-01-31",0.62
"303",2018-02-01,303,"2018-02-01",0.32
"304",2018-02-02,304,"2018-02-02",1.46
"305",2018-02-03,305,"2018-02-03",0.64
"306",2018-02-04,306,"2018-02-04",0.8
"307",2018-02-05,307,"2018-02-05",0.68
"308",2018-02-06,308,"2018-02-06",1.27
"309",2018-02-07,309,"2018-02-07",0.54
"310",2018-02-08,310,"2018-02-08",0.62
"311",2018-02-09,311,"2018-02-09",0.52
"312",2018-02-10,312,"2018-02-10",0.19
"313",2018-02-11,313,"2018-02-11",0.68
"314",2018-02-12,314,"2018-02-12",0.65
"315",2018-02-13,315,"2018-02-13",0.76
"316",2018-02-14,316,"2018-02-14",0.59
"317",2018-02-15,317,"2018-02-15",0.52
"318",2018-02-16,318,"2018-02-16",0.46
"319",2018-02-17,319,"2018-02-17",0.2
"320",2018-02-18,320,"2018-02-18",0.26
"321",2018-02-19,321,"2018-02-19",0.83
"322",2018-02-20,322,"2018-02-20",0.3
"323",2018-02-21,323,"2018-02-21",0.85
"324",2018-02-22,324,"2018-02-22",0.69
"325",2018-02-23,325,"2018-02-23",1.02
"326",2018-02-24,326,"2018-02-24",0.51
"327",2018-02-25,327,"2018-02-25",0.42
"328",2018-02-26,328,"2018-02-26",3.21
"329",2018-02-27,329,"2018-02-27",1.18
"330",2018-02-28,330,"2018-02-28",0.61
"331",2018-03-01,331,"2018-03-01",1.46
"332",2018-03-02,332,"2018-03-02",0.13
"333",2018-03-03,333,"2018-03-03",0.79
"334",2018-03-04,334,"2018-03-04",0.21
"335",2018-03-05,335,"2018-03-05",0.68
"336",2018-03-06,336,"2018-03-06",0.59
"337",2018-03-07,337,"2018-03-07",0.71
"338",2018-03-08,338,"2018-03-08",0.32
"339",2018-03-09,339,"2018-03-09",0.21
"340",2018-03-10,340,"2018-03-10",0.56
"341",2018-03-11,341,"2018-03-11",0.18
"342",2018-03-12,342,"2018-03-12",0.41
"343",2018-03-13,343,"2018-03-13",0.38
"344",2018-03-14,344,"2018-03-14",0.51
"345",2018-03-15,345,"2018-03-15",0.7
"346",2018-03-16,346,"2018-03-16",1.27
"347",2018-03-17,347,"2018-03-17",1
"348",2018-03-18,348,"2018-03-18",0.91
"349",2018-03-19,349,"2018-03-19",0.67
"350",2018-03-20,350,"2018-03-20",1.15
"351",2018-03-21,351,"2018-03-21",1.06
"352",2018-03-22,352,"2018-03-22",0.74
"353",2018-03-23,353,"2018-03-23",0.6
"354",2018-03-24,354,"2018-03-24",1.31
"355",2018-03-25,355,"2018-03-25",1.61
"356",2018-03-26,356,"2018-03-26",1.68
"357",2018-03-27,357,"2018-03-27",0.28
"358",2018-03-28,358,"2018-03-28",0.52
"359",2018-03-29,359,"2018-03-29",1.07
"360",2018-03-30,360,"2018-03-30",2.72
"361",2018-03-31,361,"2018-03-31",1.56
"362",2018-04-01,362,"2018-04-01",2.36
"363",2018-04-02,363,"2018-04-02",1.06
"364",2018-04-03,364,"2018-04-03",0.78
"365",2018-04-04,365,"2018-04-04",1.1
"366",2018-04-05,366,"2018-04-05",1.43
"367",2018-04-06,367,"2018-04-06",0.93
"368",2018-04-07,368,"2018-04-07",0.84
"369",2018-04-08,369,"2018-04-08",2.02
"370",2018-04-09,370,"2018-04-09",1.18
"371",2018-04-10,371,"2018-04-10",0.31
"372",2018-04-11,372,"2018-04-11",1.47
"373",2018-04-12,373,"2018-04-12",1.68
"374",2018-04-13,374,"2018-04-13",0.49
"375",2018-04-14,375,"2018-04-14",0.05
"376",2018-04-15,376,"2018-04-15",0.89
"377",2018-04-16,377,"2018-04-16",0.32
"378",2018-04-17,378,"2018-04-17",1.01
"379",2018-04-18,379,"2018-04-18",0.76
"380",2018-04-19,380,"2018-04-19",0.83
"381",2018-04-20,381,"2018-04-20",0.44
"382",2018-04-21,382,"2018-04-21",0.82
"383",2018-04-22,383,"2018-04-22",0.88
"384",2018-04-23,384,"2018-04-23",0.83
"385",2018-04-24,385,"2018-04-24",0.85
"386",2018-04-25,386,"2018-04-25",1.95
"387",2018-04-26,387,"2018-04-26",1.08
"388",2018-04-27,388,"2018-04-27",1.83
"389",2018-04-28,389,"2018-04-28",0.85
"390",2018-04-29,390,"2018-04-29",2.67
"391",2018-04-30,391,"2018-04-30",1.28
"392",2018-05-01,392,"2018-05-01",1.47
"393",2018-05-02,393,"2018-05-02",1.22
"394",2018-05-03,394,"2018-05-03",1.02
"395",2018-05-04,395,"2018-05-04",0.29
"396",2018-05-05,396,"2018-05-05",0.21
"397",2018-05-06,397,"2018-05-06",0.57
"398",2018-05-07,398,"2018-05-07",0.2
"399",2018-05-08,399,"2018-05-08",0.37
"400",2018-05-09,400,"2018-05-09",0.67
"401",2018-05-10,401,"2018-05-10",0.43
"402",2018-05-11,402,"2018-05-11",0.5
"403",2018-05-12,403,"2018-05-12",0.31
"404",2018-05-13,404,"2018-05-13",0.58
"405",2018-05-14,405,"2018-05-14",1.39
"406",2018-05-15,406,"2018-05-15",1.04
"407",2018-05-16,407,"2018-05-16",0.53
"408",2018-05-17,408,"2018-05-17",0.27
"409",2018-05-18,409,"2018-05-18",0.45
"410",2018-05-19,410,"2018-05-19",2.25
"411",2018-05-20,411,"2018-05-20",3.92
"412",2018-05-22,412,"2018-05-22",0.31
"413",2018-05-23,413,"2018-05-23",1.42
"414",2018-05-24,414,"2018-05-24",0.46
"415",2018-05-25,415,"2018-05-25",0.88
"416",2018-05-26,416,"2018-05-26",0.13
"417",2018-05-27,417,"2018-05-27",2.13
"418",2018-05-28,418,"2018-05-28",3.11
"419",2018-05-29,419,"2018-05-29",1.52
"420",2018-05-30,420,"2018-05-30",2.37
"421",2018-05-31,421,"2018-05-31",2.63
"422",2018-06-01,422,"2018-06-01",6.51
"423",2018-06-02,423,"2018-06-02",2.75
"424",2018-06-03,424,"2018-06-03",0.96
"425",2018-06-04,425,"2018-06-04",1.08
"426",2018-06-05,426,"2018-06-05",3.12
"427",2018-06-06,427,"2018-06-06",5.33
"428",2018-06-07,428,"2018-06-07",3.33
"429",2018-06-08,429,"2018-06-08",2.17
"430",2018-06-09,430,"2018-06-09",4.4
"431",2018-06-10,431,"2018-06-10",5.02
"432",2018-06-11,432,"2018-06-11",1.89
"433",2018-06-12,433,"2018-06-12",3.24
"434",2018-06-13,434,"2018-06-13",2.12
"435",2018-06-14,435,"2018-06-14",1.63
"436",2018-06-15,436,"2018-06-15",1.52
"437",2018-06-16,437,"2018-06-16",1.71
"438",2018-06-17,438,"2018-06-17",2.36
"439",2018-06-18,439,"2018-06-18",1.07
"440",2018-06-19,440,"2018-06-19",2.12
"441",2018-06-20,441,"2018-06-20",2.04
"442",2018-06-21,442,"2018-06-21",1.9
"443",2018-06-22,443,"2018-06-22",5.87
"444",2018-06-23,444,"2018-06-23",3.88
"445",2018-06-24,445,"2018-06-24",2.64
"446",2018-06-25,446,"2018-06-25",4.75
"447",2018-06-26,447,"2018-06-26",2.38
"448",2018-06-27,448,"2018-06-27",4.19
"449",2018-06-28,449,"2018-06-28",0.79
"450",2018-06-29,450,"2018-06-29",3.82
"451",2018-06-30,451,"2018-06-30",4.31
"452",2018-07-01,452,"2018-07-01",3.7
"453",2018-07-02,453,"2018-07-02",4.86
"454",2018-07-03,454,"2018-07-03",2.95
"455",2018-07-04,455,"2018-07-04",0.98
"456",2018-07-05,456,"2018-07-05",2.22
"457",2018-07-06,457,"2018-07-06",2.87
"458",2018-07-07,458,"2018-07-07",1.12
"459",2018-07-08,459,"2018-07-08",1.9
"460",2018-07-09,460,"2018-07-09",2.84
"461",2018-07-10,461,"2018-07-10",2.42
"462",2018-07-11,462,"2018-07-11",5.18
"463",2018-07-12,463,"2018-07-12",2.79
"464",2018-07-13,464,"2018-07-13",1.37
"465",2018-07-14,465,"2018-07-14",1.15
"466",2018-07-15,466,"2018-07-15",0.37
"467",2018-07-16,467,"2018-07-16",1.97
"468",2018-07-17,468,"2018-07-17",0.63
"469",2018-07-18,469,"2018-07-18",1.11
"470",2018-07-19,470,"2018-07-19",0.74
"471",2018-07-20,471,"2018-07-20",0.91
"472",2018-07-21,472,"2018-07-21",3.37
"473",2018-07-22,473,"2018-07-22",0.96
"474",2018-07-23,474,"2018-07-23",1.48
"475",2018-07-24,475,"2018-07-24",1.18
"476",2018-07-25,476,"2018-07-25",0.25
"477",2018-07-26,477,"2018-07-26",4.25
"478",2018-07-27,478,"2018-07-27",1.41
"479",2018-07-28,479,"2018-07-28",3.2
"480",2018-07-29,480,"2018-07-29",1.36
"481",2018-07-30,481,"2018-07-30",0.55
"482",2018-07-31,482,"2018-07-31",0.84
"483",2018-08-01,483,"2018-08-01",2.44
"484",2018-08-02,484,"2018-08-02",2.16
"485",2018-08-03,485,"2018-08-03",1.38
"486",2018-08-04,486,"2018-08-04",1.07
"487",2018-08-06,487,"2018-08-06",1.04
"488",2018-08-07,488,"2018-08-07",1.78
"489",2018-08-08,489,"2018-08-08",0.86
"490",2018-08-09,490,"2018-08-09",1.5
"491",2018-08-10,491,"2018-08-10",1.65
"492",2018-08-11,492,"2018-08-11",1.22
"493",2018-08-12,493,"2018-08-12",4.25
"494",2018-08-13,494,"2018-08-13",2.55
"495",2018-08-14,495,"2018-08-14",3.36
"496",2018-08-20,496,"2018-08-20",2.58
"497",2018-08-21,497,"2018-08-21",2.03
"498",2018-08-22,498,"2018-08-22",1.23
"499",2018-08-23,499,"2018-08-23",3.98
"500",2018-08-24,500,"2018-08-24",2.11
"501",2018-08-25,501,"2018-08-25",4.48
"502",2018-08-26,502,"2018-08-26",3.13
"503",2018-08-27,503,"2018-08-27",1.17
"504",2018-08-28,504,"2018-08-28",2.02
"505",2018-08-29,505,"2018-08-29",1.79
"506",2018-08-30,506,"2018-08-30",1.44
"507",2018-08-31,507,"2018-08-31",5.95
"508",2018-09-01,508,"2018-09-01",2.79
"509",2018-09-02,509,"2018-09-02",1.96
"510",2018-09-03,510,"2018-09-03",3.22
"511",2018-09-04,511,"2018-09-04",2.14
"512",2018-09-05,512,"2018-09-05",0.76
"513",2018-09-06,513,"2018-09-06",0.89
"514",2018-09-07,514,"2018-09-07",1.26
"515",2018-09-08,515,"2018-09-08",2.03
"516",2018-09-09,516,"2018-09-09",1.84
"517",2018-09-10,517,"2018-09-10",2.06
"518",2018-09-11,518,"2018-09-11",1.07
"519",2018-09-12,519,"2018-09-12",1.11
"520",2018-09-13,520,"2018-09-13",2.85
"521",2018-09-14,521,"2018-09-14",1.01
"522",2018-09-15,522,"2018-09-15",3.25
"523",2018-09-16,523,"2018-09-16",2.61
"524",2018-09-17,524,"2018-09-17",0.52
"525",2018-09-18,525,"2018-09-18",2.57
"526",2018-09-19,526,"2018-09-19",1.2
"527",2018-09-20,527,"2018-09-20",1.89
"528",2018-09-21,528,"2018-09-21",1.78
"529",2018-09-22,529,"2018-09-22",2.58
"530",2018-09-23,530,"2018-09-23",2.43
"531",2018-09-24,531,"2018-09-24",1.09
"532",2018-09-25,532,"2018-09-25",5.84
"533",2018-09-26,533,"2018-09-26",2.8
"534",2018-09-27,534,"2018-09-27",0.93
"535",2018-09-28,535,"2018-09-28",1.54
"536",2018-09-29,536,"2018-09-29",3
"537",2018-09-30,537,"2018-09-30",2
"538",2018-10-01,538,"2018-10-01",2.43
"539",2018-10-02,539,"2018-10-02",0.81
"540",2018-10-03,540,"2018-10-03",1.82
"541",2018-10-04,541,"2018-10-04",2.18
"542",2018-10-05,542,"2018-10-05",1.8
"543",2018-10-06,543,"2018-10-06",1.89
"544",2018-10-07,544,"2018-10-07",2.27
"545",2018-10-08,545,"2018-10-08",0.8
"546",2018-10-09,546,"2018-10-09",1.62
"547",2018-10-10,547,"2018-10-10",2.91
"548",2018-10-11,548,"2018-10-11",1.88
"549",2018-10-12,549,"2018-10-12",1.46
"550",2018-10-13,550,"2018-10-13",2.36
"551",2018-10-14,551,"2018-10-14",2.25
"552",2018-10-15,552,"2018-10-15",1.93
"553",2018-10-16,553,"2018-10-16",1.99
"554",2018-10-17,554,"2018-10-17",0.96
"555",2018-10-18,555,"2018-10-18",1.57
"556",2018-10-19,556,"2018-10-19",1.37
"557",2018-10-20,557,"2018-10-20",1.46
"558",2018-10-21,558,"2018-10-21",4.34
"559",2018-10-22,559,"2018-10-22",2.35
"560",2018-10-23,560,"2018-10-23",2.22
"561",2018-10-24,561,"2018-10-24",7.21
"562",2018-10-25,562,"2018-10-25",3.13
"563",2018-10-26,563,"2018-10-26",2.98
"564",2018-10-27,564,"2018-10-27",5.46
"565",2018-10-28,565,"2018-10-28",7.75
"566",2018-10-29,566,"2018-10-29",7.75
"567",2018-10-30,567,"2018-10-30",9.28
"568",2018-10-31,568,"2018-10-31",9.64
"569",2018-11-01,569,"2018-11-01",4.35
"570",2018-11-02,570,"2018-11-02",2.34
"571",2018-11-03,571,"2018-11-03",1.55
"572",2018-11-04,572,"2018-11-04",2.71
"573",2018-11-05,573,"2018-11-05",1.86
"574",2018-11-06,574,"2018-11-06",1.93
"575",2018-11-07,575,"2018-11-07",4.65
"576",2018-11-08,576,"2018-11-08",1.1
"577",2018-11-09,577,"2018-11-09",1.83
"578",2018-11-10,578,"2018-11-10",1.73
"579",2018-11-11,579,"2018-11-11",4.47
"580",2018-11-12,580,"2018-11-12",3.11
"581",2018-11-13,581,"2018-11-13",1.91
"582",2018-11-14,582,"2018-11-14",2.35
"583",2018-11-15,583,"2018-11-15",1.29
"584",2018-11-16,584,"2018-11-16",1.59
"585",2018-11-17,585,"2018-11-17",3.14
"586",2018-11-18,586,"2018-11-18",1.09
"587",2018-11-19,587,"2018-11-19",1.38
"588",2018-11-20,588,"2018-11-20",2.25
"589",2018-11-21,589,"2018-11-21",4.33
"590",2018-11-22,590,"2018-11-22",2.29
"591",2018-11-23,591,"2018-11-23",1.03
"592",2018-11-24,592,"2018-11-24",1.48
"593",2018-11-25,593,"2018-11-25",2.95
"594",2018-11-26,594,"2018-11-26",2.29
"595",2018-11-27,595,"2018-11-27",1.88
"596",2018-11-28,596,"2018-11-28",0.69
"597",2018-11-29,597,"2018-11-29",2.23
"598",2018-11-30,598,"2018-11-30",1.27
"599",2018-12-01,599,"2018-12-01",1.34
"600",2018-12-02,600,"2018-12-02",0.89
"601",2018-12-03,601,"2018-12-03",1.69
"602",2018-12-04,602,"2018-12-04",0.78
"603",2018-12-05,603,"2018-12-05",0.47
"604",2018-12-06,604,"2018-12-06",2.52
"605",2018-12-07,605,"2018-12-07",1.67
"606",2018-12-08,606,"2018-12-08",1.1
"607",2018-12-09,607,"2018-12-09",5.6
"608",2018-12-10,608,"2018-12-10",2.08
"609",2018-12-11,609,"2018-12-11",8.82
"610",2018-12-12,610,"2018-12-12",1.86
"611",2018-12-13,611,"2018-12-13",2.33
"612",2018-12-14,612,"2018-12-14",0.96
"613",2018-12-15,613,"2018-12-15",1.88
"614",2018-12-16,614,"2018-12-16",2.25
"615",2018-12-17,615,"2018-12-17",1.07
"616",2018-12-18,616,"2018-12-18",1.79
"617",2018-12-19,617,"2018-12-19",1.36
"618",2018-12-20,618,"2018-12-20",1.2
"619",2018-12-21,619,"2018-12-21",2.61
"620",2018-12-22,620,"2018-12-22",2.53
"621",2018-12-23,621,"2018-12-23",2.75
"622",2018-12-24,622,"2018-12-24",0.71
"623",2018-12-25,623,"2018-12-25",0.68
"624",2018-12-26,624,"2018-12-26",2.15
"625",2018-12-27,625,"2018-12-27",1.27
"626",2018-12-28,626,"2018-12-28",1.65
"627",2018-12-29,627,"2018-12-29",1.11
"628",2018-12-30,628,"2018-12-30",1.87
"629",2018-12-31,629,"2018-12-31",2.64
"630",2019-01-01,630,"2019-01-01",3.48
"631",2019-01-02,631,"2019-01-02",2.09
"632",2019-01-03,632,"2019-01-03",6.87
"633",2019-01-04,633,"2019-01-04",3.26
"634",2019-01-05,634,"2019-01-05",2.47
"635",2019-01-06,635,"2019-01-06",1.27
"636",2019-01-07,636,"2019-01-07",3.17
"637",2019-01-08,637,"2019-01-08",2.67
"638",2019-01-09,638,"2019-01-09",0.93
"639",2019-01-10,639,"2019-01-10",7.54
"640",2019-01-11,640,"2019-01-11",2.45
"641",2019-01-12,641,"2019-01-12",1.6
"642",2019-01-13,642,"2019-01-13",1.91
"643",2019-01-14,643,"2019-01-14",0.8
"644",2019-01-15,644,"2019-01-15",8.58
"645",2019-01-16,645,"2019-01-16",2.11
"646",2019-01-17,646,"2019-01-17",4.29
"647",2019-01-18,647,"2019-01-18",0.09
"648",2019-01-19,648,"2019-01-19",1.91
"649",2019-01-20,649,"2019-01-20",1.1
"650",2019-01-21,650,"2019-01-21",1.3
"651",2019-01-22,651,"2019-01-22",0.64
"652",2019-01-23,652,"2019-01-23",2.14
"653",2019-01-24,653,"2019-01-24",1.94
"654",2019-01-25,654,"2019-01-25",1.86
"655",2019-01-26,655,"2019-01-26",1.31
"656",2019-01-27,656,"2019-01-27",1.58
"657",2019-01-28,657,"2019-01-28",2.75
"658",2019-01-29,658,"2019-01-29",1.75
"659",2019-01-30,659,"2019-01-30",2.16
"660",2019-01-31,660,"2019-01-31",0.88
"661",2019-02-01,661,"2019-02-01",1.14
"662",2019-02-02,662,"2019-02-02",2.33
"663",2019-02-03,663,"2019-02-03",2.63
"664",2019-02-04,664,"2019-02-04",2.34
"665",2019-02-05,665,"2019-02-05",1.52
"666",2019-02-06,666,"2019-02-06",1.88
"667",2019-02-07,667,"2019-02-07",1.88
"668",2019-02-08,668,"2019-02-08",1.18
"669",2019-02-09,669,"2019-02-09",1.86
"670",2019-02-10,670,"2019-02-10",2.21
"671",2019-02-11,671,"2019-02-11",2
"672",2019-02-12,672,"2019-02-12",6.89
"673",2019-02-13,673,"2019-02-13",2.51
"674",2019-02-14,674,"2019-02-14",1.39
"675",2019-02-15,675,"2019-02-15",1.58
"676",2019-02-16,676,"2019-02-16",1.77
"677",2019-02-17,677,"2019-02-17",1.7
"678",2019-02-18,678,"2019-02-18",2.09
"679",2019-02-19,679,"2019-02-19",2.37
"680",2019-02-20,680,"2019-02-20",3.42
"681",2019-02-21,681,"2019-02-21",0.53
"682",2019-02-22,682,"2019-02-22",1.11
"683",2019-02-23,683,"2019-02-23",1.38
"684",2019-02-24,684,"2019-02-24",4.79
"685",2019-02-25,685,"2019-02-25",1.69
"686",2019-02-26,686,"2019-02-26",1.78
"687",2019-02-27,687,"2019-02-27",2.59
"688",2019-02-28,688,"2019-02-28",0.96
"689",2019-03-01,689,"2019-03-01",3.84
"690",2019-03-02,690,"2019-03-02",0.36
"691",2019-03-03,691,"2019-03-03",1.23
"692",2019-03-04,692,"2019-03-04",1.44
"693",2019-03-05,693,"2019-03-05",2.78
"694",2019-03-06,694,"2019-03-06",1
"695",2019-03-07,695,"2019-03-07",2.67
"696",2019-03-08,696,"2019-03-08",5.07
"697",2019-03-09,697,"2019-03-09",3.28
"698",2019-03-10,698,"2019-03-10",4.63
"699",2019-03-11,699,"2019-03-11",4.3
"700",2019-03-12,700,"2019-03-12",9.63
"701",2019-03-13,701,"2019-03-13",5.78
"702",2019-03-14,702,"2019-03-14",0.98
"703",2019-03-15,703,"2019-03-15",2.99
"704",2019-03-16,704,"2019-03-16",4.4
"705",2019-03-17,705,"2019-03-17",2.78
"706",2019-03-18,706,"2019-03-18",2.26
"707",2019-03-19,707,"2019-03-19",1.54
"708",2019-03-20,708,"2019-03-20",1.9
"709",2019-03-21,709,"2019-03-21",0.7
"710",2019-03-22,710,"2019-03-22",1.64
"711",2019-03-23,711,"2019-03-23",1.17
"712",2019-03-24,712,"2019-03-24",1.58
"713",2019-03-25,713,"2019-03-25",1.81
"714",2019-03-26,714,"2019-03-26",5.2
"715",2019-03-27,715,"2019-03-27",1.56
"716",2019-03-28,716,"2019-03-28",1.1
"717",2019-03-29,717,"2019-03-29",0.59
"718",2019-03-30,718,"2019-03-30",1.94
"719",2019-03-31,719,"2019-03-31",0.7
